{
  "source": "spectrum_20band_time_FunnyHalloween (1).json",
  "selected_indices": [
    0,
    1,
    2,
    3,
    4,
    5,
    6,
    7,
    8,
    9,
    10,
    11,
    12,
    13,
    14,
    15
  ],
  "averages": [
    0.918436441591586,
    0.8332307180112073,
    0.6350195264327415,
    0.4522665152241761,
    0.3620594431328411,
    0.198366178207466,
    0.14101901841322095,
    0.11834085074282322,
    0.087705756768165,
    0.06553645468914006,
    0.05004211804436888,
    0.03860018766099776,
    0.03373741613511042,
    0.028077301602168606,
    0.019809775160586105,
    0.013890825484434448
  ],
  "num_frames": 12755,
  "num_bands": 16
}